ONU_1,ONU_2,ONU_3,ONU_4,ROP_dBm
0.0609451219512195,0.0359184451219512,0.0370693597560976,0.0603048780487805,-35
0.0420541158536585,0.0230983231707317,0.0241082317073171,0.0410823170731707,-34
0.0263185975609756,0.0139176829268293,0.0147827743902439,0.0258879573170732,-33
0.0161852134146341,0.00807926829268293,0.00870045731707317,0.0158689024390244,-32
0.00951219512195122,0.00465701219512195,0.00486280487804878,0.00968368902439024,-31
0.00547637195121951,0.00295731707317073,0.00270579268292683,0.00596417682926829,-30
